Professor,Clarity,Engagement,Course Structure,Responsiveness,Overall Effectiveness,Feedback Text
A,3,3,3,3,3, This professor was ok I didnt really enjoy the class but I did learn a lot
A,1,1,2,3,2, This professor sucked
A,2,3,2,2,5, The professor explains complex topics clearly and is always approachable for questions
A,2,1,5,4,5, Lectures were engaging and interactive making difficult calculus concepts more understandable
B,1,1,3,4,1, The professor always made sure to answer every students question during class
B,1,4,2,3,3, I found the professors pace a bit too fast making it hard to keep up
B,4,1,5,2,4, The professor was great at using real-world examples to illustrate abstract concepts
B,3,4,4,4,3, Homework assignments were difficult but they really helped reinforce what was taught in class
B,1,1,3,5,2, The professors clear and structured approach to calculus helped me grasp the material better
B,1,4,3,5,3, The professor was very patient and always encouraged us to ask questions
B,2,2,5,1,3, I appreciated how the professor explained the same concept in different ways to help everyone understand
B,2,5,4,4,2, The professor is very knowledgeable and always came to class well-prepared
B,3,2,2,3,1, The tests were challenging but fair and reflected the material covered in lectures and homework
B,5,5,3,4,1, While the lectures were generally good sometimes the professor skipped over key steps in problem-solving making it harder to follow
C,5,1,5,5,2, The professors enthusiasm for calculus was contagious making the class much more enjoyable
C,4,2,5,2,4, More visual aids would have been helpful for understanding the more abstract concepts
C,5,4,3,3,3, The professor was extremely helpful during office hours always willing to go over problems in detail
C,3,2,3,5,4, I wish the professor had spent more time on difficult topics as some of them were rushed
C,4,4,1,2,2, The homework assignments were very challenging but they really helped me understand the material better
C,3,5,1,3,4, I really appreciated how the professor balanced theory with practical examples in class
C,3,2,1,4,2, The professor was very approachable and understanding when students were struggling with the material
C,2,3,3,4,5, Sometimes the lectures felt a little dry especially when covering theoretical concepts
C,3,3,4,4,3, The professor did an excellent job of breaking down complex problems into simpler steps
C,4,1,4,5,4, I struggled with the fast pace of the lectures especially when new material was introduced
C,1,1,5,5,1, The professors energy and passion for the subject kept the class interesting and engaging
A,1,2,2,5,3, I would have appreciated more interactive elements during lectures to keep students engaged
A,2,5,3,4,5, The professor always provided helpful feedback on assignments which improved my understanding
A,1,2,1,1,1, I found the exams to be very challenging but fair testing the key concepts covered in class
A,2,3,1,5,4, The professor made calculus feel less intimidating by breaking down difficult topics clearly
A,3,3,3,5,3, Sometimes the professor assumed too much prior knowledge which made it hard to follow certain sections of the lecture
A,2,4,1,1,1, The lectures were well-organized and the professor did a great job explaining the material clearly
A,5,1,2,2,3, More review sessions would have been helpful to reinforce the material before exams
B,5,2,3,1,5, The professor was very patient and always took time to ensure students understood difficult topics
B,3,2,2,3,4, I loved how the professor made the course engaging with relevant real-world examples
B,2,4,5,4,3, Sometimes I found the professors explanations overly complicated especially for simpler topics
B,5,5,4,4,3, The professor was excellent at answering student questions and providing detailed explanations
B,5,3,2,1,3, I had trouble following some of the lectures because they moved very quickly through the material
B,4,1,3,2,4, The homework assignments were very useful for practicing the concepts learned in class
B,3,1,3,1,4, The professor was always enthusiastic about calculus which helped keep the class lively and interesting
B,1,5,5,4,1, I found the grading to be tough but it was fair and reflective of the work put in
B,4,5,3,3,1, The professor encouraged class participation which made the class more interactive and engaging
C,5,5,1,4,3, Sometimes the professor skipped over important steps in problem-solving which made it hard to follow along during class
C,4,5,5,1,3, The professors explanations were always clear and concise which helped me grasp difficult concepts
C,4,1,3,2,1, I struggled to keep up with the fast pace of the class especially when new topics were introduced
C,4,5,3,4,5, The professor was always willing to help outside of class and office hours were incredibly useful
C,1,2,3,5,2, I found the exams to be difficult but very fair and they accurately reflected what we learned in class
B,4,2,4,5,4,I really enjoyed my class with this professor! They were super open with answering questions and responding quickly. 
